scenario,US,OPEC,RUS
myopic,6223.537179766239,26855.548098047297,12637.841747327438
punishment,6142.974931203789,32224.22063929016,14068.454588570126
