benchmark,q_US,q_OPEC,q_RUS,Q,P
nash,15.0,40.0,25.000000000000007,80.0,60.0
cooperative,11.250000794718854,30.000002119250276,18.75000132453143,60.00000423850056,79.99999576149943
rl_avg,17.99920634922415,32.07857142857142,27.46111111110221,77.53888888889779,62.46111111110221
