param,value,avg_reward
alpha,0.02,1188.797257743972
alpha,0.05,1223.9265022660395
alpha,0.1,1424.935034244807
alpha,0.15,1289.153147087526
alpha,0.25,1257.2434874473224
alpha,0.4,1261.8485352793966
gamma,0.7,1518.780489039513
gamma,0.8,1518.780489039513
gamma,0.9,1518.780489039513
gamma,0.95,1289.153147087526
gamma,0.99,1518.780489039513
epsilon,0.0,0.0
epsilon,0.05,825.3589622145032
epsilon,0.1,1289.153147087526
epsilon,0.2,1580.6340763672176
epsilon,0.4,1568.975895746196
